bates,source,box,folder,page_count,pdf_size,pdf_url
NYC-WTC_000138296,DORIS Giuliani,,Folder 140,2,87751,https://sept11documents.cityofnewyork.us/apps/content/September11_MD/NYC-WTC_000138296.pdf
NYC-WTC_000147320,DEP Hard Copies (68 Boxes),DEP Box 09,,2,115643,https://sept11documents.cityofnewyork.us/apps/content/September11_MD/NYC-WTC_000147320.pdf
NYC-WTC_000153130,DEP Hard Copies (68 Boxes),DEP Box 26,,1,44342,https://sept11documents.cityofnewyork.us/apps/content/September11_MD/NYC-WTC_000153130.pdf
NYC-WTC_000130438,DEP Hard Copies (68 Boxes),DEP Box 53,E-Mail 1/2/02,78,53608331,https://sept11documents.cityofnewyork.us/apps/content/September11_MD/NYC-WTC_000130438.pdf
NYC-WTC_000154488,DEP Hard Copies (68 Boxes),DEP Box 26,DEP OEM Reports to Commissioner,8,695582,https://sept11documents.cityofnewyork.us/apps/content/September11_MD/NYC-WTC_000154488.pdf
NYC-WTC_000094256,DEP Hard Copies (68 Boxes),DEP Box 01,"15 JOHN STREET 1001217, 79/14",1,34246,https://sept11documents.cityofnewyork.us/apps/content/September11_MD/NYC-WTC_000094256.pdf
NYC-WTC_000144518,DEP Hard Copies (68 Boxes),DEP Box 08,SCHOOLS,4,262728,https://sept11documents.cityofnewyork.us/apps/content/September11_MD/NYC-WTC_000144518.pdf
NYC-WTC_000106411,DEP Hard Copies (68 Boxes),DEP Box 37,345 CHAMBERS STREET; 16/1,7,364607,https://sept11documents.cityofnewyork.us/apps/content/September11_MD/NYC-WTC_000106411.pdf
NYC-WTC_000148621,DEP Hard Copies (68 Boxes),DEP Box 10,DEP - BEC  ACTIVITIES  WTC,120,22401495,https://sept11documents.cityofnewyork.us/apps/content/September11_MD/NYC-WTC_000148621.pdf
NYC-WTC_000151604,DEP Hard Copies (68 Boxes),DEP Box 11,WTC DC TO RC LETTERS CALLEHAN WHITMAN ETC. WARD DOCTOROFF KENNY,3,321666,https://sept11documents.cityofnewyork.us/apps/content/September11_MD/NYC-WTC_000151604.pdf
